{"Results":
{"Classifier":[],"Detector":[],
"Fiducial":
[{
    "fID":3,
    "fam":"16H5C",
    "pts":[],
    "skew":[],
    "t6c_ts":[
        0.5848720825897515,
        0.3757765957427619,
        -3.6033754257240185,
        1.2218489587469177,
        -5.148456300621774,
        -0.28146145330715683
    ],
    "t6r_fs":[3.3868060358016394,-0.19147122216925622,0.0,0.0,0.0,5.154221315974473],
    "t6r_ts":[0.6076863386791924,0.38108079938219086,-3.856293157923251,1.2218489587469177,-5.148456300621774,-0.28146145330715683],
    "t6t_cs":[-0.2573120847619609,-0.30091628805822257,3.6484020803948347,-1.2014339034967658,5.153246330550855,0.172458671823116],
    "t6t_rs":[-0.2573120847619609,-0.30091628805822257,3.9024020885010664,-1.2014339034967658,5.153246330550855,0.172458671823116],
    "ta":0.002713421592488885,
    "tx":-3.761948585510254,
    "txp":424.3906555175781,
    "ty":4.711882591247559,
    "typ":295.4295959472656}],"Retro":[],"pID":0.0,"tl":99.5081787109375,"ts":831111.9716609999,"v":1}}